Workbook

Sheet Schedule
A1: Release # | B1: Week | C1: Chapter | D1: Chapter title | E1: Short type | F1: Day | G1: Release date | H1: Days since previous | I1: Source video | J1: Status | K1: Short title | L1: Notes
A2: 1 | B2: =INT((A2-1)/3)+1 -> 1 | C2: 1 | D2: A Way Can Be a Guide | E2: Reading | F2: =TEXT(G2,"ddd") -> Fri | G2: =Settings!$B$4+(B2-1)*Settings!$B$11+INDEX(Settings!$B$7:$B$9,MATCH(E2,Settings!$A$7:$A$9,0)) -> 46318 | I2: arredondo-03-27-24-tao-te-ching-chap-1-the-gateway-of-marvels-3-27-2024 | J2: Released | K2: The Gateway of Marvels · Tao Te Ching, Ch. 1 | L2: Reading Short; shorts/tao-ch1-gateway-of-marvels
A3: 2 | B3: =INT((A3-1)/3)+1 -> 1 | C3: 1 | D3: A Way Can Be a Guide | E3: Discussion 1 | F3: =TEXT(G3,"ddd") -> Mon | G3: =Settings!$B$4+(B3-1)*Settings!$B$11+INDEX(Settings!$B$7:$B$9,MATCH(E3,Settings!$A$7:$A$9,0)) -> 46321 | H3: =G3-G2 -> 3 | I3: arredondo-03-27-24-tao-te-ching-chap-1-the-gateway-of-marvels-3-27-2024 | J3: Planned
A4: 3 | B4: =INT((A4-1)/3)+1 -> 1 | C4: 1 | D4: A Way Can Be a Guide | E4: Discussion 2 | F4: =TEXT(G4,"ddd") -> Wed | G4: =Settings!$B$4+(B4-1)*Settings!$B$11+INDEX(Settings!$B$7:$B$9,MATCH(E4,Settings!$A$7:$A$9,0)) -> 46323 | H4: =G4-G3 -> 2 | I4: arredondo-03-27-24-tao-te-ching-chap-1-the-gateway-of-marvels-3-27-2024 | J4: Planned
A5: 4 | B5: =INT((A5-1)/3)+1 -> 2 | C5: 2 | D5: Everyone Knows | E5: Reading | F5: =TEXT(G5,"ddd") -> Fri | G5: =Settings!$B$4+(B5-1)*Settings!$B$11+INDEX(Settings!$B$7:$B$9,MATCH(E5,Settings!$A$7:$A$9,0)) -> 46325 | H5: =G5-G4 -> 2 | I5: arredondo-03-28-24-tao-te-ching-chaps-2-3-when-everyone-knows-beauty-is-beauty | J5: Ready | L5: Reading Short made and approved (shorts/tao-ch2-everyone-knows)
A6: 5 | B6: =INT((A6-1)/3)+1 -> 2 | C6: 2 | D6: Everyone Knows | E6: Discussion 1 | F6: =TEXT(G6,"ddd") -> Mon | G6: =Settings!$B$4+(B6-1)*Settings!$B$11+INDEX(Settings!$B$7:$B$9,MATCH(E6,Settings!$A$7:$A$9,0)) -> 46328 | H6: =G6-G5 -> 3 | I6: arredondo-03-28-24-tao-te-ching-chaps-2-3-when-everyone-knows-beauty-is-beauty | J6: Planned
A7: 6 | B7: =INT((A7-1)/3)+1 -> 2 | C7: 2 | D7: Everyone Knows | E7: Discussion 2 | F7: =TEXT(G7,"ddd") -> Wed | G7: =Settings!$B$4+(B7-1)*Settings!$B$11+INDEX(Settings!$B$7:$B$9,MATCH(E7,Settings!$A$7:$A$9,0)) -> 46330 | H7: =G7-G6 -> 2 | I7: arredondo-03-28-24-tao-te-ching-chaps-2-3-when-everyone-knows-beauty-is-beauty | J7: Planned
A8: 7 | B8: =INT((A8-1)/3)+1 -> 3 | C8: 3 | D8: Not Exalting Cleverness | E8: Reading | F8: =TEXT(G8,"ddd") -> Fri | G8: =Settings!$B$4+(B8-1)*Settings!$B$11+INDEX(Settings!$B$7:$B$9,MATCH(E8,Settings!$A$7:$A$9,0)) -> 46332 | H8: =G8-G7 -> 2 | I8: arredondo-03-28-24-tao-te-ching-chaps-2-3-when-everyone-knows-beauty-is-beauty | J8: Ready | L8: Reading Short made and approved (shorts/tao-ch3-not-exalting-cleverness)
A9: 8 | B9: =INT((A9-1)/3)+1 -> 3 | C9: 3 | D9: Not Exalting Cleverness | E9: Discussion 1 | F9: =TEXT(G9,"ddd") -> Mon | G9: =Settings!$B$4+(B9-1)*Settings!$B$11+INDEX(Settings!$B$7:$B$9,MATCH(E9,Settings!$A$7:$A$9,0)) -> 46335 | H9: =G9-G8 -> 3 | I9: arredondo-03-28-24-tao-te-ching-chaps-2-3-when-everyone-knows-beauty-is-beauty | J9: Planned
A10: 9 | B10: =INT((A10-1)/3)+1 -> 3 | C10: 3 | D10: Not Exalting Cleverness | E10: Discussion 2 | F10: =TEXT(G10,"ddd") -> Wed | G10: =Settings!$B$4+(B10-1)*Settings!$B$11+INDEX(Settings!$B$7:$B$9,MATCH(E10,Settings!$A$7:$A$9,0)) -> 46337 | H10: =G10-G9 -> 2 | I10: arredondo-03-28-24-tao-te-ching-chaps-2-3-when-everyone-knows-beauty-is-beauty | J10: Planned
A11: 10 | B11: =INT((A11-1)/3)+1 -> 4 | C11: 4 | D11: The Way Is Unimpeded Harmony | E11: Reading | F11: =TEXT(G11,"ddd") -> Fri | G11: =Settings!$B$4+(B11-1)*Settings!$B$11+INDEX(Settings!$B$7:$B$9,MATCH(E11,Settings!$A$7:$A$9,0)) -> 46339 | H11: =G11-G10 -> 2 | I11: arredondo-03-31-24-tao-te-ching-chaps-4-5-the-way-is-unimpeded-harmony | J11: Planned
A12: 11 | B12: =INT((A12-1)/3)+1 -> 4 | C12: 4 | D12: The Way Is Unimpeded Harmony | E12: Discussion 1 | F12: =TEXT(G12,"ddd") -> Mon | G12: =Settings!$B$4+(B12-1)*Settings!$B$11+INDEX(Settings!$B$7:$B$9,MATCH(E12,Settings!$A$7:$A$9,0)) -> 46342 | H12: =G12-G11 -> 3 | I12: arredondo-03-31-24-tao-te-ching-chaps-4-5-the-way-is-unimpeded-harmony | J12: Planned
A13: 12 | B13: =INT((A13-1)/3)+1 -> 4 | C13: 4 | D13: The Way Is Unimpeded Harmony | E13: Discussion 2 | F13: =TEXT(G13,"ddd") -> Wed | G13: =Settings!$B$4+(B13-1)*Settings!$B$11+INDEX(Settings!$B$7:$B$9,MATCH(E13,Settings!$A$7:$A$9,0)) -> 46344 | H13: =G13-G12 -> 2 | I13: arredondo-03-31-24-tao-te-ching-chaps-4-5-the-way-is-unimpeded-harmony | J13: Planned
A14: 13 | B14: =INT((A14-1)/3)+1 -> 5 | C14: 5 | D14: Heaven and Earth | E14: Reading | F14: =TEXT(G14,"ddd") -> Fri | G14: =Settings!$B$4+(B14-1)*Settings!$B$11+INDEX(Settings!$B$7:$B$9,MATCH(E14,Settings!$A$7:$A$9,0)) -> 46346 | H14: =G14-G13 -> 2 | I14: arredondo-03-31-24-tao-te-ching-chaps-4-5-the-way-is-unimpeded-harmony | J14: Planned
A15: 14 | B15: =INT((A15-1)/3)+1 -> 5 | C15: 5 | D15: Heaven and Earth | E15: Discussion 1 | F15: =TEXT(G15,"ddd") -> Mon | G15: =Settings!$B$4+(B15-1)*Settings!$B$11+INDEX(Settings!$B$7:$B$9,MATCH(E15,Settings!$A$7:$A$9,0)) -> 46349 | H15: =G15-G14 -> 3 | I15: arredondo-03-31-24-tao-te-ching-chaps-4-5-the-way-is-unimpeded-harmony | J15: Planned
A16: 15 | B16: =INT((A16-1)/3)+1 -> 5 | C16: 5 | D16: Heaven and Earth | E16: Discussion 2 | F16: =TEXT(G16,"ddd") -> Wed | G16: =Settings!$B$4+(B16-1)*Settings!$B$11+INDEX(Settings!$B$7:$B$9,MATCH(E16,Settings!$A$7:$A$9,0)) -> 46351 | H16: =G16-G15 -> 2 | I16: arredondo-03-31-24-tao-te-ching-chaps-4-5-the-way-is-unimpeded-harmony | J16: Planned
A17: 16 | B17: =INT((A17-1)/3)+1 -> 6 | C17: 6 | D17: The Valley Spirit | E17: Reading | F17: =TEXT(G17,"ddd") -> Fri | G17: =Settings!$B$4+(B17-1)*Settings!$B$11+INDEX(Settings!$B$7:$B$9,MATCH(E17,Settings!$A$7:$A$9,0)) -> 46353 | H17: =G17-G16 -> 2 | I17: arredondo-04-03-24-tao-te-ching-chaps-6-8-the-opening-of-the-mysterious-female | J17: Planned
A18: 17 | B18: =INT((A18-1)/3)+1 -> 6 | C18: 6 | D18: The Valley Spirit | E18: Discussion 1 | F18: =TEXT(G18,"ddd") -> Mon | G18: =Settings!$B$4+(B18-1)*Settings!$B$11+INDEX(Settings!$B$7:$B$9,MATCH(E18,Settings!$A$7:$A$9,0)) -> 46356 | H18: =G18-G17 -> 3 | I18: arredondo-04-03-24-tao-te-ching-chaps-6-8-the-opening-of-the-mysterious-female | J18: Planned
A19: 18 | B19: =INT((A19-1)/3)+1 -> 6 | C19: 6 | D19: The Valley Spirit | E19: Discussion 2 | F19: =TEXT(G19,"ddd") -> Wed | G19: =Settings!$B$4+(B19-1)*Settings!$B$11+INDEX(Settings!$B$7:$B$9,MATCH(E19,Settings!$A$7:$A$9,0)) -> 46358 | H19: =G19-G18 -> 2 | I19: arredondo-04-03-24-tao-te-ching-chaps-6-8-the-opening-of-the-mysterious-female | J19: Planned
A20: 19 | B20: =INT((A20-1)/3)+1 -> 7 | C20: 7 | D20: Heaven Is Eternal, Earth Is Everlasting | E20: Reading | F20: =TEXT(G20,"ddd") -> Fri | G20: =Settings!$B$4+(B20-1)*Settings!$B$11+INDEX(Settings!$B$7:$B$9,MATCH(E20,Settings!$A$7:$A$9,0)) -> 46360 | H20: =G20-G19 -> 2 | I20: arredondo-04-03-24-tao-te-ching-chaps-6-8-the-opening-of-the-mysterious-female | J20: Planned
... A244: 243 | B244: =INT((A244-1)/3)+1 -> 81 | C244: 81 | D244: True Words Are Not Beautiful | E244: Discussion 2 | F244: =TEXT(G244,"ddd") -> Wed | G244: =Settings!$B$4+(B244-1)*Settings!$B$11+INDEX(Settings!$B$7:$B$9,MATCH(E244,Settings!$A$7:$A$9,0)) -> 46883 | H244: =G244-G243 -> 2 | I244: arredondo-05-29-24-tao-te-ching-chaps-79-81-bitter-enemies-a-small-state-true-w | J244: Planned

Sheet Settings
A1: Tao Te Ching Shorts: release cadence
A3: Inputs (edit the yellow cells; every date in Schedule follows them)
A4: First release date | B4: 46318 | C4: Chapter 1 reading, released Fri 23 Oct 2026 (from you)
A6: Short type | B6: Days after the reading | C6: What it is
A7: Reading | B7: 0 | C7: The chapter read straight through (reading-short)
A8: Discussion 1 | B8: 3 | C8: The chapter's main teaching from his discussion (make-short)
A9: Discussion 2 | B9: 5 | C9: A second point he emphasizes, or a different presentation of Discussion 1 if there is only one
A11: Days between chapters | B11: 7 | C11: One chapter a week: Fri reading, Mon and Wed discussions (gaps of 3, 2, 2 days)
A13: Overview
A14: Shorts planned | B14: =COUNTA(Schedule!A2:A244) -> 243
A15: Released | B15: =COUNTIF(Schedule!J2:J244,"Released") -> 1
A16: Still to release | B16: =B14-B15 -> 242
A17: Last release | B17: =MAX(Schedule!G2:G244) -> 46883
A18: Next up | B18: =IFERROR(INDEX(Schedule!A2:A244,MATCH(TRUE(),INDEX(Schedule!J2:J244<>"Released",0),0)),"All released") -> 2 | C18: Release number of the first row in Schedule not marked Released
A19: Next up on | B19: =IFERROR(INDEX(Schedule!G2:G244,B18),"") -> 46321
A21: Legend
A22: Yellow fill, blue text: inputs you can edit. Black: formulas, don't overwrite.
A23: In Schedule, fill in Status, Short title and Notes as you go. Row 2 (Chapter 1 reading) is the worked example.
A24: Chapter titles and source videos come from the channel's archive.org descriptions.
